‡ø,Äê
USA,1978
USA,1978
USA,1978
USA,1978
USA,1978
USA,1978
USA,1978
USA,1978
USA,1978
USA,1978
USA,1978
USA,1978
USA,1978
USA,1978
USA,1978
USA,1978
USA,1978
USA,1978
USA,1978
USA,1978
USA,1978
USA,1978
EURO,1978
EURO,1978
EURO,1978
EURO,1978
EURO,1978
EURO,1978
JAPN,1978
JAPN,1978
JAPN,1978
JAPN,1978
JAPN,1978
JAPN,1978
JAPN,1978
JAPN,1978
USA,1979
USA,1979
USA,1979
USA,1979
USA,1979
USA,1979
USA,1979
USA,1979
USA,1979
USA,1979
USA,1979
USA,1979
USA,1979
USA,1979
USA,1979
USA,1979
USA,1979
USA,1979
USA,1979
USA,1979
USA,1979
USA,1979
USA,1979
EURO,1979
EURO,1979
EURO,1979
EURO,1979
JAPN,1979
JAPN,1979
USA,1980
USA,1980
USA,1980
USA,1980
USA,1980
USA,1980
USA,1980
EURO,1980
EURO,1980
EURO,1980
EURO,1980
EURO,1980
EURO,1980
EURO,1980
EURO,1980
EURO,1980
JAPN,1980
JAPN,1980
JAPN,1980
JAPN,1980
JAPN,1980
JAPN,1980
JAPN,1980
JAPN,1980
JAPN,1980
JAPN,1980
JAPN,1980
JAPN,1980
JAPN,1980
USA,1981
USA,1981
USA,1981
USA,1981
USA,1981
USA,1981
USA,1981
USA,1981
USA,1981
USA,1981
USA,1981
USA,1981
USA,1981
EURO,1981
EURO,1981
EURO,1981
EURO,1981
EURO,1981
JAPN,1981
JAPN,1981
JAPN,1981
JAPN,1981
JAPN,1981
JAPN,1981
JAPN,1981
JAPN,1981
JAPN,1981
JAPN,1981
JAPN,1981
JAPN,1981
USA,1982
USA,1982
USA,1982
USA,1982
USA,1982
USA,1982
USA,1982
USA,1982
USA,1982
USA,1982
USA,1982
USA,1982
USA,1982
USA,1982
USA,1982
USA,1982
USA,1982
USA,1982
USA,1982
USA,1982
EURO,1982
EURO,1982
JAPN,1982
JAPN,1982
JAPN,1982
JAPN,1982
JAPN,1982
JAPN,1982
JAPN,1982
JAPN,1982
JAPN,1982
